{
    "accuracy": [
        0.7980092167854309,
        0.8703568577766418,
        0.8798251748085022,
        0.8917213082313538,
        0.895605742931366,
        0.9055595993995667,
        0.9075018167495728,
        0.9111434817314148,
        0.9048312902450562,
        0.9123573899269104,
        0.9111434817314148,
        0.9176984429359436,
        0.9159990549087524,
        0.9232823252677917,
        0.9145423769950867,
        0.9176984429359436
    ],
    "auc": [
        0.884048581123352,
        0.9389949440956116,
        0.9503847360610962,
        0.9591842293739319,
        0.9617732167243958,
        0.9667393565177917,
        0.9651817083358765,
        0.9694950580596924,
        0.9691933393478394,
        0.968459963798523,
        0.9713325500488281,
        0.9719515442848206,
        0.9745121002197266,
        0.9748995900154114,
        0.9719054102897644,
        0.9736695289611816
    ],
    "loss": [
        0.42859455943107605,
        0.3154517710208893,
        0.2830968201160431,
        0.2559828758239746,
        0.24821479618549347,
        0.23220248520374298,
        0.23660512268543243,
        0.2217952013015747,
        0.22470325231552124,
        0.22350752353668213,
        0.2170284539461136,
        0.21081307530403137,
        0.20407216250896454,
        0.1992644965648651,
        0.21293923258781433,
        0.20458461344242096
    ],
    "precision": [
        0.9196600914001465,
        0.9540610313415527,
        0.9590343832969666,
        0.9634190797805786,
        0.965641975402832,
        0.9698275923728943,
        0.9669039249420166,
        0.9737881422042847,
        0.9697950482368469,
        0.9677990078926086,
        0.9687389135360718,
        0.9740398526191711,
        0.9726271033287048,
        0.9759292006492615,
        0.9732429385185242,
        0.9730305075645447
    ],
    "recall": [
        0.7923460602760315,
        0.8638935089111328,
        0.8725457787513733,
        0.8851913213729858,
        0.8885191082954407,
        0.8985024690628052,
        0.9041597247123718,
        0.9024958610534668,
        0.8975041508674622,
        0.9101497530937195,
        0.9074875116348267,
        0.9114808440208435,
        0.9104825258255005,
        0.9174708724021912,
        0.9078202843666077,
        0.9124792218208313
    ],
    "val_accuracy": [
        0.8731597065925598,
        0.8765571713447571,
        0.8403171300888062,
        0.8652321696281433,
        0.8210645318031311,
        0.8255945444107056,
        0.8323895931243896,
        0.8618346452713013,
        0.9048697352409363,
        0.8573046326637268,
        0.8505096435546875,
        0.8652321696281433,
        0.8505096435546875,
        0.8595696687698364,
        0.8754246830940247,
        0.8618346452713013
    ],
    "val_auc": [
        0.9666520953178406,
        0.9746941924095154,
        0.9777980446815491,
        0.9806764721870422,
        0.9815950989723206,
        0.9833776354789734,
        0.9844766855239868,
        0.984815239906311,
        0.985614538192749,
        0.9851664900779724,
        0.9857724905014038,
        0.9859432578086853,
        0.9860754609107971,
        0.9862173199653625,
        0.9862269759178162,
        0.9863881468772888
    ],
    "val_loss": [
        0.3159242272377014,
        0.29329466819763184,
        0.34310245513916016,
        0.2846808135509491,
        0.40815725922584534,
        0.39096543192863464,
        0.35289841890335083,
        0.300811767578125,
        0.22089794278144836,
        0.31797561049461365,
        0.33361339569091797,
        0.2857491672039032,
        0.3318265378475189,
        0.29971808195114136,
        0.2768697142601013,
        0.29083386063575745
    ],
    "val_precision": [
        0.9871086478233337,
        0.9889705777168274,
        0.9901960492134094,
        0.9906014800071716,
        0.9958932399749756,
        0.9979550242424011,
        0.9939879775047302,
        0.9942857027053833,
        0.9911816716194153,
        0.9942418336868286,
        0.9961013793945312,
        0.9943181872367859,
        0.9961013793945312,
        0.9942638874053955,
        0.994413435459137,
        0.9942857027053833
    ],
    "val_recall": [
        0.8361934423446655,
        0.8393135666847229,
        0.7878314852714539,
        0.8221529126167297,
        0.7566302418708801,
        0.7613104581832886,
        0.7737909555435181,
        0.8143525719642639,
        0.8767550587654114,
        0.8081123232841492,
        0.797191858291626,
        0.8190327882766724,
        0.797191858291626,
        0.8112324476242065,
        0.8330733180046082,
        0.8143525719642639
    ],
    "learning_rate": [
        9.999999747378752e-05,
        9.999999747378752e-05,
        9.999999747378752e-05,
        9.999999747378752e-05,
        9.999999747378752e-05,
        9.999999747378752e-05,
        9.999999747378752e-05,
        4.999999873689376e-05,
        4.999999873689376e-05,
        4.999999873689376e-05,
        4.999999873689376e-05,
        4.999999873689376e-05,
        2.499999936844688e-05,
        2.499999936844688e-05,
        2.499999936844688e-05,
        1.249999968422344e-05
    ]
}