{
    "accuracy": [
        0.5103180408477783,
        0.5445496439933777,
        0.6115562319755554,
        0.6683661341667175,
        0.6899732947349548,
        0.729303240776062,
        0.7302743196487427,
        0.7259043455123901,
        0.7509104013442993,
        0.7453265190124512,
        0.7523670792579651,
        0.7538237571716309,
        0.759407639503479,
        0.755765974521637,
        0.7445982098579407,
        0.7564942836761475
    ],
    "auc": [
        0.5121089220046997,
        0.5770225524902344,
        0.6436098217964172,
        0.7178134918212891,
        0.7446603178977966,
        0.7829243540763855,
        0.7822862863540649,
        0.7772712707519531,
        0.8141827583312988,
        0.7940612435340881,
        0.810692548751831,
        0.8121814727783203,
        0.8194136619567871,
        0.8094967007637024,
        0.8120438456535339,
        0.8191443085670471
    ],
    "loss": [
        0.7592793703079224,
        0.6952282786369324,
        0.6618908047676086,
        0.6287877559661865,
        0.6140721440315247,
        0.5953184962272644,
        0.5930314660072327,
        0.5954561233520508,
        0.5726059675216675,
        0.5865567326545715,
        0.5721845030784607,
        0.5692992210388184,
        0.5632227063179016,
        0.572375476360321,
        0.5687652230262756,
        0.5632343888282776
    ],
    "precision": [
        0.7398058176040649,
        0.7733656167984009,
        0.8034557104110718,
        0.8368269801139832,
        0.8481063842773438,
        0.868852436542511,
        0.8584405779838562,
        0.8550340533256531,
        0.8857699632644653,
        0.8635687828063965,
        0.8729800581932068,
        0.8763704895973206,
        0.8718611598014832,
        0.8825105428695679,
        0.865593433380127,
        0.8873838782310486
    ],
    "recall": [
        0.5071547627449036,
        0.5314475893974304,
        0.6189683675765991,
        0.6775374412536621,
        0.7004991769790649,
        0.740765392780304,
        0.7547420859336853,
        0.7517470717430115,
        0.7560732364654541,
        0.7730449438095093,
        0.7730449438095093,
        0.7713810205459595,
        0.7856904864311218,
        0.7673876881599426,
        0.7693843841552734,
        0.7630615830421448
    ],
    "val_accuracy": [
        0.3420158624649048,
        0.7372593283653259,
        0.6908267140388489,
        0.7032842636108398,
        0.7519818544387817,
        0.7621744275093079,
        0.7157418131828308,
        0.6908267140388489,
        0.7938844561576843,
        0.7791619300842285,
        0.7542468905448914,
        0.7689694166183472,
        0.7576444149017334,
        0.7576444149017334,
        0.7599093914031982,
        0.7633069157600403
    ],
    "val_auc": [
        0.8677331805229187,
        0.8623793125152588,
        0.8622536063194275,
        0.8619312047958374,
        0.8627854585647583,
        0.8632398843765259,
        0.8636556267738342,
        0.864513099193573,
        0.8644164204597473,
        0.8651061654090881,
        0.8650611042976379,
        0.8651577830314636,
        0.8656250834465027,
        0.8660247921943665,
        0.8663181066513062,
        0.866105318069458
    ],
    "val_loss": [
        0.6995249390602112,
        0.5745111107826233,
        0.657619297504425,
        0.6452584266662598,
        0.6131859421730042,
        0.5947636961936951,
        0.6298530101776123,
        0.6404203772544861,
        0.5457708835601807,
        0.5578091144561768,
        0.5929532647132874,
        0.570208728313446,
        0.5874575972557068,
        0.5814855098724365,
        0.5791252851486206,
        0.571403443813324
    ],
    "val_precision": [
        1.0,
        0.7380675077438354,
        0.971794843673706,
        0.9725685715675354,
        0.9508547186851501,
        0.9406952857971191,
        0.9710144996643066,
        0.971794843673706,
        0.8936535120010376,
        0.9144981503486633,
        0.9510638117790222,
        0.9414141178131104,
        0.9494736790657043,
        0.947589099407196,
        0.9478079080581665,
        0.9426229596138
    ],
    "val_recall": [
        0.09360374510288239,
        0.9890795350074768,
        0.5912636518478394,
        0.6084243655204773,
        0.6942277550697327,
        0.7176287174224854,
        0.6271451115608215,
        0.5912636518478394,
        0.8127925395965576,
        0.7675507068634033,
        0.69734787940979,
        0.7269890904426575,
        0.7035881280899048,
        0.7051482200622559,
        0.7082683444023132,
        0.7176287174224854
    ],
    "learning_rate": [
        9.999999747378752e-05,
        9.999999747378752e-05,
        9.999999747378752e-05,
        9.999999747378752e-05,
        9.999999747378752e-05,
        4.999999873689376e-05,
        4.999999873689376e-05,
        4.999999873689376e-05,
        2.499999936844688e-05,
        2.499999936844688e-05,
        2.499999936844688e-05,
        2.499999936844688e-05,
        1.249999968422344e-05,
        1.249999968422344e-05,
        1.249999968422344e-05,
        6.24999984211172e-06
    ]
}